analysis_set	pattern	sv_type	boundary_class	analysis_type	same_direction	array_n_case	array_n_control	array_n_eff	array_weight	array_beta	array_se	array_or	array_p_two	array_p_one	array_p_main	mssng_n_case	mssng_n_control	mssng_n_eff	mssng_weight	mssng_beta	mssng_se	mssng_or	mssng_p_two	mssng_p_one	stouffer_z_meta	stouffer_p_one_positive	stouffer_p_two	stouffer_p_sensitivity
PRIMARY_nonsig2_exploratory	A	DEL	hpc_exc_ca	PRIMARY_replication	True	838	3583	2716.63	52.1213	0.344388	0.213984	1.41113	0.107526		0.107526	5955	511	1882.47	43.3874	0.4386	0.359292	1.55054	0.222187	0.222187	2.01793	0.0217993	0.0435987	0.0435987
PRIMARY_sig8_main	A	DEL	hpc_exc_dg	PRIMARY_replication	True	838	3583	2716.63	52.1213	0.0530993	0.276718	1.05453	0.847828	0.423914	0.423914	5955	511	1882.47	43.3874	0.280006	0.367393	1.32314	0.445975	0.222987	0.635081	0.262688	0.525376	0.262688
PRIMARY_sig8_main	A	DEL	hpc_exc_ent	PRIMARY_replication	True	838	3583	2716.63	52.1213	0.342289	0.237864	1.40817	0.150147	0.0750734	0.0750734	5955	511	1882.47	43.3874	0.734916	0.379245	2.08531	0.0526426	0.0263213	2.34575	0.00949433	0.0189887	0.00949433
PRIMARY_sig8_main	A	DEL	hpc_inh_cge	PRIMARY_replication	True	838	3583	2716.63	52.1213	0.582127	0.306313	1.78984	0.0573765	0.0286882	0.0286882	5955	511	1882.47	43.3874	1.31794	0.684105	3.73572	0.0540397	0.0270198	2.69314	0.00353913	0.00707827	0.00353913
PRIMARY_sig8_main	A	DEL	hpc_inh_mge	PRIMARY_replication	True	838	3583	2716.63	52.1213	0.495893	0.322019	1.64196	0.123572	0.0617861	0.0617861	5955	511	1882.47	43.3874	0.535636	0.576968	1.70853	0.353219	0.17661	1.77749	0.0377437	0.0754875	0.0377437
PRIMARY_nonsig2_exploratory	A	DEL	pfc_astro	PRIMARY_replication	True	838	3583	2716.63	52.1213	0.456142	0.243977	1.57797	0.0615375		0.0615375	5955	511	1882.47	43.3874	0.719576	0.457811	2.05356	0.116003	0.116003	2.4425	0.00729304	0.0145861	0.0145861
PRIMARY_sig8_main	A	DEL	pfc_exc_dl	PRIMARY_replication	True	838	3583	2716.63	52.1213	0.618546	0.198145	1.85623	0.00179817	0.000899084	0.000899084	5955	511	1882.47	43.3874	0.946673	0.437457	2.57712	0.0304615	0.0152307	3.78371	7.72539e-05	0.000154508	7.72539e-05
PRIMARY_sig8_main	A	DEL	pfc_exc_ul	PRIMARY_replication	True	838	3583	2716.63	52.1213	0.36699	0.20625	1.44338	0.075183	0.0375915	0.0375915	5955	511	1882.47	43.3874	0.920396	0.468244	2.51028	0.0493413	0.0246707	2.6251	0.00433119	0.00866237	0.00433119
PRIMARY_sig8_main	A	DEL	pfc_inh_cge	PRIMARY_replication	True	838	3583	2716.63	52.1213	0.290233	0.205865	1.33674	0.158592	0.079296	0.079296	5955	511	1882.47	43.3874	0.420663	0.29706	1.52297	0.15675	0.0783748	1.98951	0.0233222	0.0466444	0.0233222
PRIMARY_sig8_main	A	DEL	pfc_inh_mge	PRIMARY_replication	True	838	3583	2716.63	52.1213	0.500453	0.235383	1.64947	0.0334933	0.0167466	0.0167466	5955	511	1882.47	43.3874	1.47426	0.670859	4.36781	0.0279795	0.0139898	3.04001	0.00118286	0.00236572	0.00118286
NEGCTRL_STATIC_pattern_A	A	DEL	static_all	negative_control	True	838	3583	2716.63	52.1213	0.0122795	0.00605944	1.01236	0.0427124		0.0427124	5955	511	1882.47	43.3874	0.0306265	0.0172056	1.0311	0.0750708		2.69632	0.00350551	0.00701103	0.00701103
NEGCTRL_DUP_pattern_A	A	DUP	hpc_exc_ca	negative_control	False	838	3583	2716.63	52.1213	-0.15768	0.21172	0.854123	0.456417		0.456417	5955	511	1882.47	43.3874	0.149397	0.189849	1.16113	0.431327		-0.0689405	0.527481	0.945037	0.945037
NEGCTRL_DUP_pattern_A	A	DUP	hpc_exc_dg	negative_control	False	838	3583	2716.63	52.1213	-0.205515	0.209173	0.814228	0.325848		0.325848	5955	511	1882.47	43.3874	0.574799	0.29478	1.77677	0.0511849		0.492393	0.311221	0.622441	0.622441
NEGCTRL_DUP_pattern_A	A	DUP	hpc_exc_ent	negative_control	False	838	3583	2716.63	52.1213	-0.0638245	0.180253	0.93817	0.723277		0.723277	5955	511	1882.47	43.3874	0.559445	0.202781	1.7497	0.00580038		1.49291	0.0677299	0.13546	0.13546
NEGCTRL_DUP_pattern_A	A	DUP	hpc_inh_cge	negative_control	True	838	3583	2716.63	52.1213	0.0817933	0.218563	1.08523	0.708232		0.708232	5955	511	1882.47	43.3874	0.282738	0.231557	1.32676	0.222075		1.0688	0.142579	0.285158	0.285158
NEGCTRL_DUP_pattern_A	A	DUP	hpc_inh_mge	negative_control	False	838	3583	2716.63	52.1213	-0.115959	0.24525	0.890512	0.636344		0.636344	5955	511	1882.47	43.3874	0.251899	0.246673	1.28647	0.307165		0.289942	0.38593	0.77186	0.77186
NEGCTRL_DUP_pattern_A	A	DUP	pfc_astro	negative_control	True	838	3583	2716.63	52.1213	0.206657	0.169188	1.22956	0.221911		0.221911	5955	511	1882.47	43.3874	0.414765	0.263183	1.51401	0.115037		1.94702	0.0257659	0.0515318	0.0515318
NEGCTRL_DUP_pattern_A	A	DUP	pfc_exc_dl	negative_control	False	838	3583	2716.63	52.1213	-0.14617	0.161573	0.864011	0.36564		0.36564	5955	511	1882.47	43.3874	0.666166	0.237391	1.94676	0.00501306		1.10004	0.135658	0.271316	0.271316
NEGCTRL_DUP_pattern_A	A	DUP	pfc_exc_ul	negative_control	False	838	3583	2716.63	52.1213	-0.159885	0.182362	0.852242	0.380626		0.380626	5955	511	1882.47	43.3874	0.27792	0.208385	1.32038	0.182307		0.179427	0.428801	0.857603	0.857603
NEGCTRL_DUP_pattern_A	A	DUP	pfc_inh_cge	negative_control	False	838	3583	2716.63	52.1213	-0.00530626	0.159968	0.994708	0.973538		0.973538	5955	511	1882.47	43.3874	0.476721	0.230862	1.61078	0.0389266		1.29562	0.0975537	0.195107	0.195107
NEGCTRL_DUP_pattern_A	A	DUP	pfc_inh_mge	negative_control	False	838	3583	2716.63	52.1213	-0.0584807	0.165068	0.943196	0.723128		0.723128	5955	511	1882.47	43.3874	0.115742	0.145025	1.12271	0.424824		0.238304	0.405822	0.811645	0.811645
SECONDARY_C_nonsig2_exploratory	C	DEL	hpc_exc_ca	SECONDARY_pattern_c	True	838	3583	2716.63	52.1213	0.285875	0.292487	1.33093	0.328374		0.328374	5955	511	1882.47	43.3874	0.354175	0.639259	1.425	0.579552	0.579552	1.10565	0.134439	0.268879	0.268879
SECONDARY_C_sig8_main	C	DEL	hpc_exc_dg	SECONDARY_pattern_c	False	838	3583	2716.63	52.1213	-0.18197	0.344269	0.833626	0.597105	0.701448	0.701448	5955	511	1882.47	43.3874	0.365583	0.561875	1.44135	0.515274	0.257637	0.0100295	0.495999	0.991998	0.495999
SECONDARY_C_sig8_main	C	DEL	hpc_exc_ent	SECONDARY_pattern_c	True	838	3583	2716.63	52.1213	0.154659	0.287012	1.16726	0.589983	0.294992	0.294992	5955	511	1882.47	43.3874	0.854757	0.509207	2.3508	0.0932295	0.0466147	1.48808	0.0683655	0.136731	0.0683655
SECONDARY_C_sig8_main	C	DEL	hpc_inh_cge	SECONDARY_pattern_c	True	838	3583	2716.63	52.1213	0.388841	0.362579	1.47527	0.283527	0.141763	0.141763	5955	511	1882.47	43.3874	1.1195	0.695753	3.06331	0.107607	0.0538036	1.85366	0.0318942	0.0637884	0.0318942
SECONDARY_C_sig8_main	C	DEL	hpc_inh_mge	SECONDARY_pattern_c	False	838	3583	2716.63	52.1213	-0.116131	0.490111	0.890359	0.812697	0.593652	0.593652	5955	511	1882.47	43.3874	0.232804	0.629485	1.26213	0.711508	0.355754	0.0544986	0.478269	0.956538	0.478269
SECONDARY_C_nonsig2_exploratory	C	DEL	pfc_astro	SECONDARY_pattern_c	True	838	3583	2716.63	52.1213	0.371774	0.300644	1.45031	0.216239		0.216239	5955	511	1882.47	43.3874	0.557368	0.509545	1.74607	0.274019	0.274019	1.65022	0.0494492	0.0988984	0.0988984
SECONDARY_C_sig8_main	C	DEL	pfc_exc_dl	SECONDARY_pattern_c	True	838	3583	2716.63	52.1213	0.401535	0.252148	1.49412	0.111282	0.0556409	0.0556409	5955	511	1882.47	43.3874	1.05808	0.528386	2.88082	0.0452344	0.0226172	2.50503	0.00612201	0.012244	0.00612201
SECONDARY_C_sig8_main	C	DEL	pfc_exc_ul	SECONDARY_pattern_c	True	838	3583	2716.63	52.1213	0.0521802	0.263958	1.05357	0.843292	0.421646	0.421646	5955	511	1882.47	43.3874	1.08704	0.620979	2.96547	0.0800285	0.0400143	1.27187	0.101709	0.203419	0.101709
SECONDARY_C_sig8_main	C	DEL	pfc_inh_cge	SECONDARY_pattern_c	True	838	3583	2716.63	52.1213	0.155433	0.274398	1.16816	0.571088	0.285544	0.285544	5955	511	1882.47	43.3874	0.372904	0.420816	1.45194	0.37554	0.18777	1.00228	0.158103	0.316206	0.158103
SECONDARY_C_sig8_main	C	DEL	pfc_inh_mge	SECONDARY_pattern_c	True	838	3583	2716.63	52.1213	0.195722	0.313992	1.21619	0.533066	0.266533	0.266533	5955	511	1882.47	43.3874	1.37086	0.692731	3.93873	0.0478251	0.0239125	1.74513	0.0404808	0.0809616	0.0404808
NEGCTRL_STATIC_pattern_C	C	DEL	static_all	negative_control	False	838	3583	2716.63	52.1213	-0.00227277	0.0170845	0.99773	0.894168		0.894168	5955	511	1882.47	43.3874	0.0234449	0.0267096	1.02372	0.380068		0.459333	0.322998	0.645995	0.645995
NEGCTRL_DUP_pattern_C	C	DUP	hpc_exc_ca	negative_control	False	838	3583	2716.63	52.1213	-0.0248261	0.225162	0.97548	0.912204		0.912204	5955	511	1882.47	43.3874	0.220898	0.283067	1.2472	0.435171		0.414523	0.339246	0.678491	0.678491
NEGCTRL_DUP_pattern_C	C	DUP	hpc_exc_dg	negative_control	False	838	3583	2716.63	52.1213	-0.206217	0.240626	0.813656	0.391444		0.391444	5955	511	1882.47	43.3874	0.655468	0.356808	1.92604	0.0662049		0.516629	0.302707	0.605415	0.605415
NEGCTRL_DUP_pattern_C	C	DUP	hpc_exc_ent	negative_control	False	838	3583	2716.63	52.1213	-0.0719065	0.196354	0.930618	0.714209		0.714209	5955	511	1882.47	43.3874	0.553686	0.254437	1.73965	0.029546		1.11078	0.133333	0.266665	0.266665
NEGCTRL_DUP_pattern_C	C	DUP	hpc_inh_cge	negative_control	True	838	3583	2716.63	52.1213	0.0884778	0.230312	1.09251	0.700856		0.700856	5955	511	1882.47	43.3874	0.176209	0.320855	1.19269	0.582878		0.64661	0.258942	0.517884	0.517884
NEGCTRL_DUP_pattern_C	C	DUP	hpc_inh_mge	negative_control	False	838	3583	2716.63	52.1213	-0.221888	0.288277	0.801005	0.441475		0.441475	5955	511	1882.47	43.3874	0.185007	0.363589	1.20323	0.610867		-0.266025	0.60489	0.79022	0.79022
NEGCTRL_DUP_pattern_C	C	DUP	pfc_astro	negative_control	True	838	3583	2716.63	52.1213	0.266407	0.191251	1.30527	0.163629		0.163629	5955	511	1882.47	43.3874	0.290156	0.311767	1.33664	0.352018		1.66601	0.0478556	0.0957112	0.0957112
NEGCTRL_DUP_pattern_C	C	DUP	pfc_exc_dl	negative_control	False	838	3583	2716.63	52.1213	-0.214674	0.184161	0.806804	0.243741		0.243741	5955	511	1882.47	43.3874	0.613497	0.26493	1.84688	0.0205751		0.585619	0.279066	0.558132	0.558132
NEGCTRL_DUP_pattern_C	C	DUP	pfc_exc_ul	negative_control	False	838	3583	2716.63	52.1213	-0.0918728	0.192328	0.912221	0.632872		0.632872	5955	511	1882.47	43.3874	0.423785	0.249048	1.52773	0.0888261		0.721523	0.235294	0.470588	0.470588
NEGCTRL_DUP_pattern_C	C	DUP	pfc_inh_cge	negative_control	False	838	3583	2716.63	52.1213	-0.0440291	0.183429	0.956926	0.810305		0.810305	5955	511	1882.47	43.3874	0.600661	0.26881	1.82332	0.0254491		1.24511	0.106546	0.213092	0.213092
NEGCTRL_DUP_pattern_C	C	DUP	pfc_inh_mge	negative_control	False	838	3583	2716.63	52.1213	-0.0377349	0.182092	0.962968	0.83583		0.83583	5955	511	1882.47	43.3874	0.275575	0.249495	1.31729	0.269362		0.547383	0.292058	0.584115	0.584115
